country_code,language,seed_keyword,suggested_keyword
US,en,SEO,seoul
US,en,SEO,seollal
US,en,SEO,seoul korea
US,en,SEO,seo meaning
US,en,SEO,seoul weather
US,en,SEO,seollal 2026
US,en,SEO,seoul south korea
US,en,SEO,sephora
US,en,SEO,seoul garden
US,en,SEO,seonghyeon
US,en,SEO,seoul korean bbq
US,en,SEO,seolleongtang
US,en,SEO,seoul taco
US,en,SEO,seonghwa
US,en,SEO,seoul sk knights
US,en,SEO,seo agency interamplify
US,en,SEO,seo acronym
US,en,SEO,seo agency
US,en,SEO,seo ai
US,en,SEO,seo audit
US,en,keywords,keywords everywhere
US,en,keywords,keywords studios
US,en,keywords,keywords for epstein files
US,en,keywords,keywords mtg
US,en,keywords,keywords ai
US,en,keywords,keywords studios careers
US,en,keywords,keywords for resume
US,en,keywords,keywords meaning
US,en,keywords,keywords for instagram
US,en,keywords,keywords planner
US,en,keywords,keywords tool
US,en,keywords,keywords for american cultural studies
US,en,keywords,keywords everywhere chrome extension
US,en,keywords,keywords game
US,en,keywords,keywords definition
US,en,keywords,keywords apa
US,en,keywords,keywords apa format
US,en,keywords,keywords abstract
US,en,keywords,keywords abstract apa
US,en,keywords,keywords a vocabulary of culture and society
US,en,backlinks,backlinks meaning
US,en,backlinks,backlinks for seo
US,en,backlinks,backlinks checker
US,en,backlinks,backlinks in obsidian
US,en,backlinks,backlinks for website
US,en,backlinks,backlinks marketing
US,en,backlinks,backlinks example
US,en,backlinks,backlinks generator
US,en,backlinks,backlinks notion
US,en,backlinks,backlinks checker free
US,en,backlinks,backlinks for sale
US,en,backlinks,backlinks in onenote
US,en,backlinks,backlinks reddit
US,en,backlinks,backlinks ahrefs
US,en,backlinks,backlinks meaning in seo
US,en,backlinks,backlinks audit
US,en,backlinks,backlinks adalah
US,en,backlinks,backlinks analysis
US,en,backlinks,backlinks are
US,en,backlinks,backlinks agency
US,en,ranking,rankings
US,en,ranking,ranking of kings
US,en,ranking,rankings college football
US,en,ranking,ranking of kings anime
US,en,ranking,rankings nfl
US,en,ranking,ranking website
US,en,ranking,ranking tier list
US,en,ranking,ranking stranger things seasons
US,en,ranking,ranking of kings season 2
US,en,ranking,ranking of kings season 3
US,en,ranking,ranking of us presidents
US,en,ranking,ranking fifa
US,en,ranking,ranking nfl teams
US,en,ranking,ranking of presidents
US,en,ranking,ranking list
US,en,ranking,ranking app
US,en,ranking,ranking assassin's creed games
US,en,ranking,ranking atp
US,en,ranking,ranking all college football teams
US,en,ranking,ranking airlines
US,en,SEO tools,seo tools meaning
US,en,SEO tools,seo tools free
US,en,SEO tools,seo tools plagiarism checker
US,en,SEO tools,seo tools examples
US,en,SEO tools,seo tools for etsy
US,en,SEO tools,seo tools for website
US,en,SEO tools,seo tools for digital marketing
US,en,SEO tools,seo tools youtube
US,en,SEO tools,seo tools list
US,en,SEO tools,seo tools reverse image
US,en,SEO tools,seo tools for excel
US,en,SEO tools,seo tools ai
US,en,SEO tools,seo tools for shopify
US,en,SEO tools,seo tools reverse
US,en,SEO tools,seo tools ai checker
US,en,SEO tools,seo tools ai detector
US,en,SEO tools,seo tools agency
US,en,SEO tools,seo tools and techniques
US,en,SEO tools,seo tools ai humanizer
US,en,SEO tools,seo tools app
US,en,SEO audit,seo audit tools
US,en,SEO audit,seo audit free
US,en,SEO audit,seo audit meaning
US,en,SEO audit,seo audit services
US,en,SEO audit,seo audit report
US,en,SEO audit,seo audit tool free
US,en,SEO audit,seo audit website
US,en,SEO audit,seo audit checklist
US,en,SEO audit,seo audit template
US,en,SEO audit,seo audit checker
US,en,SEO audit,seo audit report free
US,en,SEO audit,seo audit and reporting tool
US,en,SEO audit,seo audit tools are dash and dash
US,en,SEO audit,seo audit report template
US,en,SEO audit,seo audit report sample
US,en,SEO audit,seo audit analyze website
US,en,SEO audit,seo audit agency
US,en,SEO audit,seo audit ai
US,en,SEO audit,seo audit analyze website dash
US,en,SEO audit,seo audit analyze websites mcq
US,en,SERP,serpentine belt
US,en,SERP,serpent
US,en,SERP,serpico
US,en,SERP,serpentine
US,en,SERP,serpens
US,en,SERP,serpent queen
US,en,SERP,serpent mound
US,en,SERP,serperior
US,en,SERP,serpentini chevrolet
US,en,SERP,serpent and the wings of night
US,en,SERP,serpentine belt tool
US,en,SERP,serpent mound ohio
US,en,SERP,serpens meaning
US,en,SERP,serpentine belt replacement
US,en,SERP,serpapi
US,en,SERP,serp api
US,en,SERP,serp ai
US,en,SERP,serp api key
US,en,SERP,serp account
US,en,SERP,serp api pricing
US,en,site speed,site speed test
US,en,site speed,site speed checker
US,en,site speed,site speed test google
US,en,site speed,site speed insights
US,en,site speed,site speed test free
US,en,site speed,site speed audit
US,en,site speed,site speed google
US,en,site speed,site speed analysis
US,en,site speed,site speed limit
US,en,site speed,site speed optimization
US,en,site speed,site speedaf g
US,en,site speed,site speed checker free
US,en,site speed,site speed score
US,en,site speed,site speed metrics
US,en,site speed,site speed io
US,en,site speed,site speed analyzer
US,en,site speed,site speed and seo
US,en,site speed,site speed and performance
US,en,site speed,website speed analysis
US,en,site speed,website speed analyzer
US,en,meta tags,meta tags font generator
US,en,meta tags,meta tags html
US,en,meta tags,meta tags meaning
US,en,meta tags,meta tags for seo
US,en,meta tags,meta tags font
US,en,meta tags,meta tags generator
US,en,meta tags,meta tags are used to
US,en,meta tags,meta tags example
US,en,meta tags,meta tags in html google
US,en,meta tags,meta tags suno
US,en,meta tags,meta tags are html specification tags that
US,en,meta tags,meta tags io
US,en,meta tags,meta tags for website
US,en,meta tags,meta tags checker
US,en,meta tags,meta tags preview
US,en,meta tags,meta tags and descriptions
US,en,meta tags,meta tags analyzer
US,en,meta tags,meta tags and seo
US,en,meta tags,meta tags ao3
US,en,meta tags,meta tags are
US,en,analytics,analytics definition
US,en,analytics,analytics google
US,en,analytics,analytics engineer
US,en,analytics,analytics pronunciation
US,en,analytics,analytics.google.com
US,en,analytics,analytics on tiktok
US,en,analytics,analytics jobs
US,en,analytics,analytics engineer jobs
US,en,analytics,analytics vidhya
US,en,analytics,analytics synonym
US,en,analytics,analytics engineer salary
US,en,analytics,analytics8
US,en,analytics,analytics tools
US,en,analytics,analytics partners
US,en,analytics,analytics manager
US,en,analytics,analytics ai
US,en,analytics,analytics and data summit
US,en,analytics,analytics academy
US,en,analytics,analytics abbreviation
US,en,analytics,analytics and sales bloomberg
JP,ja,SEO,セオリー
JP,ja,SEO,セオリーとは
JP,ja,SEO,セオリーリュクス
JP,ja,SEO,セオサイクル 宇都宮
JP,ja,SEO,セオドアルーズベルト
JP,ja,SEO,セオリー レディース
JP,ja,SEO,灀尾まいこ
JP,ja,SEO,灀尾公治
JP,ja,SEO,灀尾
JP,ja,SEO,seoとは
JP,ja,SEO,seo対策
JP,ja,SEO,seo対策とは
JP,ja,SEO,seoul
JP,ja,SEO,灀織津姫
JP,ja,SEO,背負子
JP,ja,SEO,seo ai
JP,ja,SEO,seo aio
JP,ja,SEO,seo ai対策
JP,ja,SEO,seo aeo
JP,ja,SEO,seo aio 違い
JP,ja,キーワード,キーワードプランナー
JP,ja,キーワード,キーワードとは
JP,ja,キーワード,キーワード読解
JP,ja,キーワード,キーワード 英語
JP,ja,キーワード,キーワード 言い換え
JP,ja,キーワード,キーワード検索
JP,ja,キーワード,キーワード引数 ruby
JP,ja,キーワード,キーワードマーケティング
JP,ja,キーワード,キーワードプランナー 使い方
JP,ja,キーワード,キーワードマップ
JP,ja,キーワード,キーワードハント リブリー
JP,ja,キーワード,キーワード 意味
JP,ja,キーワード,キーワードフィルター
JP,ja,キーワード,キーワードチューン
JP,ja,キーワード,キーワード能力
JP,ja,キーワード,キーワード アイコン
JP,ja,キーワード,キーワード アプリ
JP,ja,キーワード,キーワード ai
JP,ja,キーワード,キーワード 暗記
JP,ja,キーワード,キーワード あみだくじ
JP,ja,被リンク,被リンクとは
JP,ja,被リンク,被リンクチェッカー
JP,ja,被リンク,被リンクチェック
JP,ja,被リンク,被リンク 調べ方
JP,ja,被リンク,被リンク営業
JP,ja,被リンク,被リンク獲得
JP,ja,被リンク,被リンク 読み方
JP,ja,被リンク,被リンク対策
JP,ja,被リンク,被リンク seo
JP,ja,被リンク,被リンク検索
JP,ja,被リンク,被リンク数
JP,ja,被リンク,被リンクチェックツール
JP,ja,被リンク,被リンク調査
JP,ja,被リンク,被リンクを増やす方法
JP,ja,被リンク,被リンク獲得とは
JP,ja,被リンク,被リンク 集め方
JP,ja,被リンク,被リンク アフィリエイト
JP,ja,被リンク,被リンク ahrefs
JP,ja,被リンク,被リンク アンカーテキスト
JP,ja,被リンク,被リンク やり方
JP,ja,検索順位,検索順位チェッカー
JP,ja,検索順位,検索順位チェックツール
JP,ja,検索順位,検索順位を上げる方法
JP,ja,検索順位,検索順位を上げる 有料
JP,ja,検索順位,検索順位チェックツールgrc
JP,ja,検索順位,検索順位 調べ方
JP,ja,検索順位,検索順位チェック
JP,ja,検索順位,検索順位とは
JP,ja,検索順位,検索順位 クリック率
JP,ja,検索順位,検索順位チェッカー おすすめ
JP,ja,検索順位,検索順位の海賊
JP,ja,検索順位,検索順位を上げる
JP,ja,検索順位,検索順位チェッカー 無料
JP,ja,検索順位,検索順位 上げる
JP,ja,検索順位,検索順位を上げるには
JP,ja,検索順位,検索順位 上げ方
JP,ja,検索順位,検索順位 上がらない
JP,ja,検索順位,検索順位 上がる 要因
JP,ja,検索順位,検索順位 安定しない
JP,ja,検索順位,検索順位 アルゴリズム
JP,ja,SEO対策,seo対策とは
JP,ja,SEO対策,seo対策 やり方
JP,ja,SEO対策,seo対策 費用
JP,ja,SEO対策,seo対策とは わかりやすく
JP,ja,SEO対策,seo対策 具体例
JP,ja,SEO対策,seo対策 意味ない
JP,ja,SEO対策,seo対策 ai
JP,ja,SEO対策,seo対策 自分で
JP,ja,SEO対策,seo対策とは 初心者
JP,ja,SEO対策,seo対策 本
JP,ja,SEO対策,seo対策とは 簡単に
JP,ja,SEO対策,seo対策 google
JP,ja,SEO対策,seo対策 相場
JP,ja,SEO対策,seo対策 キーワード
JP,ja,SEO対策,seo対策 オワコン
JP,ja,SEO対策,seo対策 aio対策
JP,ja,SEO対策,seo対策 amazon
JP,ja,SEO対策,seo対策 アイコン
JP,ja,SEO対策,seo対策 ai プロンプト
JP,ja,SEO対策,seo対策 alt
JP,ja,SEOツール,seoツールとは
JP,ja,SEOツール,seoツール 無料
JP,ja,SEOツール,seoツール おすすめ
JP,ja,SEOツール,seoツールズ
JP,ja,SEOツール,seoツールラボ
JP,ja,SEOツール,seoツール パスカル
JP,ja,SEOツール,seoツール ランキング
JP,ja,SEOツール,seoツール ai
JP,ja,SEOツール,seo alt
JP,ja,SEOツール,seo aso
JP,ja,SEOツール,seo all
JP,ja,SEOツール,seo ai
JP,ja,SEOツール,seo bot
JP,ja,SEOツール,seoツール極み cloud
JP,ja,SEOツール,seo ctr
JP,ja,SEOツール,seo cms
JP,ja,SEOツール,seoツール 極 cloud
JP,ja,SEOツール,seo c
JP,ja,SEOツール,seo cls
JP,ja,SEOツール,compass seoツール
JP,ja,サイト分析,サイト分析ツール
JP,ja,サイト分析,サイト分析ツール 無料
JP,ja,サイト分析,サイト分析 ai
JP,ja,サイト分析,サイト分析 無料
JP,ja,サイト分析,サイト分析 指標
JP,ja,サイト分析,サイト分析 レポート
JP,ja,サイト分析,サイト分析 方法
JP,ja,サイト分析,サイト分析 やり方
JP,ja,サイト分析,サイト分析 デザイン
JP,ja,サイト分析,サイト分析 項目
JP,ja,メタタグ,メタタグとは
JP,ja,メタタグ,メタタグ youtube
JP,ja,メタタグ,メタタグ 確認方法
JP,ja,メタタグ,メタタグとは わかりやすく
JP,ja,メタタグ,メタタグ 検索
JP,ja,メタタグ,メタタグ suno
JP,ja,メタタグ,メタタグ キーワード
JP,ja,メタタグ,メタタグ 確認
JP,ja,メタタグ,メタタグ 付け方
JP,ja,メタタグ,メタタグ 見方
JP,ja,検索エンジン,検索エンジンとは
JP,ja,検索エンジン,検索エンジン 規制なし
JP,ja,検索エンジン,検索エンジン bing
JP,ja,検索エンジン,検索エンジン 一覧
JP,ja,検索エンジン,検索エンジン 変更
JP,ja,検索エンジン,検索エンジン おすすめ
JP,ja,検索エンジン,検索エンジン 勝手に変わる
JP,ja,検索エンジン,検索エンジン サイト
JP,ja,検索エンジン,検索エンジン最適化
JP,ja,検索エンジン,検索エンジン google
JP,ja,アクセス解析,アクセス解析研究所
JP,ja,アクセス解析,アクセス解析ツール
JP,ja,アクセス解析,アクセス解析とは
JP,ja,アクセス解析,アクセス解析 無料
JP,ja,アクセス解析,アクセス解析 google
JP,ja,アクセス解析,アクセス解析研究所 使い方
JP,ja,アクセス解析,アクセス解析ツール 無料
JP,ja,アクセス解析,アクセス解析 個人サイト
JP,ja,アクセス解析,アクセス解析 pixiv
JP,ja,アクセス解析,アクセス解析 ipアドレス
KR,ko,SEO,seoul
KR,ko,SEO,seollal
KR,ko,SEO,seo-101
KR,ko,SEO,seoul weather
KR,ko,SEO,seollal korea
KR,ko,SEO,seoul korea
KR,ko,SEO,seoul national university
KR,ko,SEO,seodo
KR,ko,SEO,seo 최적화
KR,ko,SEO,seo 뜻
KR,ko,SEO,seong su
KR,ko,SEO,seoultech
KR,ko,SEO,seoul phoenix fc
KR,ko,SEO,seori
KR,ko,SEO,seo in guk
KR,ko,SEO,seo 마케팅
KR,ko,SEO,seo aeo
KR,ko,SEO,seo aeo geo
KR,ko,SEO,seo ai
KR,ko,SEO,seo 메타태그
KR,ko,키워드,키워드마스터
KR,ko,키워드,키워드 뜻
KR,ko,키워드,키워드 분석
KR,ko,키워드,키워드 검색량
KR,ko,키워드,키워드사운드
KR,ko,키워드,키워드 검색
KR,ko,키워드,키워드 뽑기
KR,ko,키워드,키워드조합기
KR,ko,키워드,키워드 영어로
KR,ko,키워드,키워드 추천
KR,ko,키워드,키워드 검색량 조회
KR,ko,키워드,키워드 플래너
KR,ko,키워드,키워드도구
KR,ko,키워드,키워드 영어
KR,ko,키워드,키워드 분석 사이트
KR,ko,키워드,키워드 마스터
KR,ko,키워드,키워드 맵
KR,ko,키워드,키워드 마인드맵
KR,ko,키워드,키워드 모음
KR,ko,키워드,키워드 마피아
KR,ko,백링크,백링크 뜻
KR,ko,백링크,백링크프로
KR,ko,백링크,백링크하이
KR,ko,백링크,백링크 작업
KR,ko,백링크,백링크 사이트
KR,ko,백링크,백링크업체
KR,ko,백링크,백링크 seo
KR,ko,백링크,백링크 거는법
KR,ko,백링크,백링크 판매 사이트
KR,ko,백링크,백링크 효과
KR,ko,백링크,백링크 방법
KR,ko,백링크,백링크 점수
KR,ko,백링크,백링크 옵시디언
KR,ko,백링크,백링크 노션
KR,ko,백링크,백링크란
KR,ko,백링크,백링크 무료
KR,ko,백링크,백링크 등록
KR,ko,백링크,백링크 만들기
KR,ko,백링크,logseq 백링크
KR,ko,백링크,notion 백링크
KR,ko,검색순위,검색순위 사이트
KR,ko,검색순위,검색순위 게임
KR,ko,검색순위,검색순위 맞추기
KR,ko,검색순위,검색순위 1위
KR,ko,검색순위,검색순위 올리기
KR,ko,검색순위,검색순위 알고리즘
KR,ko,검색순위,검색순위 구글
KR,ko,검색순위,네이버 검색순위
KR,ko,검색순위,유트브 검색순위
KR,ko,검색순위,실시간 검색순위
KR,ko,검색순위,나무위키 검색순위
KR,ko,검색순위,쿠팡 검색순위
KR,ko,검색순위,ai 검색순위
KR,ko,검색순위,한국 검색순위
KR,ko,검색순위,인스타 검색순위
KR,ko,검색엔진,검색엔진 사이트
KR,ko,검색엔진,검색엔진 추천
KR,ko,검색엔진,검색엔진 야후로 바뀌
KR,ko,검색엔진,검색엔진 최적화
KR,ko,검색엔진,검색엔진 종류
KR,ko,검색엔진,검색엔진 점유율
KR,ko,검색엔진,검색엔진 지글
KR,ko,검색엔진,검색엔진 바꾸기
KR,ko,검색엔진,검색엔진 ai
KR,ko,검색엔진,검색엔진 추천 디시
KR,ko,검색엔진,검색엔진 모음
KR,ko,검색엔진,검색엔진 뜻
KR,ko,검색엔진,검색엔진 순위
KR,ko,검색엔진,검색엔진 최적화 seo
KR,ko,검색엔진,검색엔진 만들기
KR,ko,검색엔진,검색엔진 api
KR,ko,검색엔진,검색엔진 마케팅
KR,ko,최적화,최적화 영어로
KR,ko,최적화,최적화 프로그램
KR,ko,최적화,최적화 뜻
KR,ko,최적화,최적화된 배터리 충전
KR,ko,최적화,최적화 이론
KR,ko,최적화,최적화 문제
KR,ko,최적화,최적화 기법
KR,ko,최적화,최적화 모드
KR,ko,최적화,최적화 알고리즘
KR,ko,최적화,최적화 블로그 구매
TW,zh,SEO,seoul
TW,zh,SEO,seo是什么
TW,zh,SEO,seo文案
TW,zh,SEO,seoyoon
TW,zh,SEO,seoul national university
TW,zh,SEO,seoyeon
TW,zh,SEO,seo优化
TW,zh,SEO,seoul weather
TW,zh,SEO,seooocookie
TW,zh,SEO,seoul garden hotel
TW,zh,關鍵字,關鍵字 網站
TW,zh,關鍵字,關鍵字 app
TW,zh,關鍵字,關鍵字 ai
TW,zh,關鍵字,關鍵字 設定
TW,zh,關鍵字,關鍵字 意思
TW,zh,關鍵字,關鍵字 英文
TW,zh,關鍵字,關鍵字法
TW,zh,關鍵字,關鍵字 分析
TW,zh,關鍵字,seo 關鍵字分析
TW,zh,反向連結,反向連結 意思
TW,zh,反向連結,反向連結 查詢
TW,zh,反向連結,反向連結 英文
TW,zh,反向連結,反向連結 seo
TW,zh,反向連結,反向連結 工具
TW,zh,反向連結,反向連結 notion
TW,zh,反向連結,obsidian 反向連結
TW,zh,反向連結,heptabase 反向連結
TW,zh,排名,排名赛
TW,zh,排名,排名百分比试算工具
TW,zh,排名,排名赛 羽球
TW,zh,排名,排名 三丽鸥角色
TW,zh,排名,排名百分比怎么看
TW,zh,排名,排名产生器
TW,zh,排名,排名生成器
TW,zh,SEO工具,seo工具是什么
TW,zh,SEO工具,seo分析工具
TW,zh,SEO工具,seo教學
TW,zh,SEO工具,ai seo工具
TW,zh,SEO工具,youtube seo工具
TW,zh,SEO工具,google seo工具
TW,zh,搜尋引擎,搜尋引擎 ai
TW,zh,搜尋引擎,搜尋引擎 安全搜尋
TW,zh,搜尋引擎,搜尋引擎優化
TW,zh,搜尋引擎,搜尋引擎意思
TW,zh,搜尋引擎,搜尋引擎是什麼
DE,de,SEO,seo optimierung
DE,de,SEO,seobility
DE,de,SEO,seo bedeutung
DE,de,SEO,seo agentur
DE,de,SEO,seo analyse
DE,de,SEO,seo ai
DE,de,SEO,seo agentur münchen
DE,de,keywords,keywords recherche
DE,de,keywords,keywords analyse
DE,de,backlinks,backlinks aufbauen
DE,de,backlinks,backlinks seo
DE,de,backlinks,backlinks kaufen preise
DE,de,backlinks,backlinks kostenlos
DE,de,SEO tools,seo tools kostenlos
DE,de,SEO tools,seo tools vergleich
DE,de,SEO tools,seo tools google
DE,de,SEO tools,seo analyse tools
DE,de,SEO tools,seo analyse kostenlos
DE,de,suchmaschinenoptimierung,suchmaschinenoptimierung
DE,de,ranking,rankingcoach
DE,de,indexierung,indexierung google
DE,de,sichtbarkeitsindex,sichtbarkeitsindex
DE,de,sichtbarkeitsindex,sichtbarkeitsindex prüfen
FR,fr,SEO,seo analyser
FR,fr,SEO,seo ai
FR,fr,mots-clés,mots-clés seo
FR,fr,mots-clés,mots-clés définition
FR,fr,backlinks,backlinks seo
FR,fr,backlinks,backlinks seo définition
FR,fr,backlinks,backlinks gratuit
FR,fr,référencement,référencement google
FR,fr,référencement,référencement seo
FR,fr,référencement,référencement naturel
FR,fr,référencement,référencement ia
FR,fr,outils seo,outils seo gratuit
FR,fr,audit seo,audit seo gratuit
FR,fr,audit seo,audit seo en ligne gratuit
FR,fr,optimisation,optimisation seo
FR,fr,indexation,indexation google
BR,pt,SEO,seo o que é
BR,pt,backlinks,backlinks o que é
BR,pt,backlinks,backlinks comprar
BR,pt,backlinks,backlinks de qualidade
BR,pt,ferramentas seo,ferramentas seo gratuitas
BR,pt,analise seo,analise seo de site
BR,pt,meta tags,meta tags seo
BR,pt,tráfego,tráfego pago
BR,pt,tráfego,tráfego organico
BR,pt,otimização,otimização seo
BR,pt,indexação,indexação google
IT,it,SEO,seo significato
IT,it,SEO,seozoom
IT,it,backlinks,backlinks cosa sono
IT,it,parole chiave,parole chiave seo
IT,it,strumenti seo,strumenti seo gratuiti
IT,it,analisi seo,analisi seo sito
IT,it,analisi seo,analisi seo gratis
IT,it,ottimizzazione,ottimizzazione seo
IT,it,indicizzazione,indicizzazione google
IT,it,indicizzazione,indicizzazione sito
CA,en,SEO,seo agency
CA,en,SEO,seo audit
CA,en,SEO,seo ai
CA,en,SEO,seo analyzer
CA,en,SEO tools,seo tools free
CA,en,backlinks,backlinks seo
CA,en,backlinks,backlinks checker
AU,en,SEO,seo agency
AU,en,SEO,seo agency melbourne
AU,en,SEO,seo audit
AU,en,SEO,seo ai
AU,en,SEO tools,seo tools free
AU,en,backlinks,backlinks seo
MX,es,SEO,seo analyzer
MX,es,herramientas seo,herramientas seo gratis
MX,es,herramientas seo,herramientas seo con ia
MX,es,auditoria seo,auditoria seo gratis
MX,es,palabras clave,palabras clave seo
MX,es,backlinks,backlinks seo
MX,es,optimización,optimización seo
ES,es,SEO,seo que es
ES,es,SEO,seo analyzer
ES,es,SEO,seo ai
ES,es,herramientas seo,herramientas seo gratis
ES,es,auditoria seo,auditoria seo gratis
ES,es,palabras clave,palabras clave seo
ES,es,backlinks,backlinks seo
ES,es,optimización,optimización seo
ID,id,SEO,seo adalah
ID,id,SEO,seo artinya
ID,id,backlink,backlink adalah
ID,id,backlink,backlink gratis
ID,id,backlink,backlink seo
ID,id,kata kunci,kata kunci seo
ID,id,alat seo,alat seo adalah
ID,id,optimasi,optimasi seo
ID,id,meta tag,meta tag seo
NL,nl,SEO,seo specialist
NL,nl,SEO,seo betekenis
NL,nl,SEO,seo onderzoek
NL,nl,zoekwoorden,zoekwoorden onderzoek
NL,nl,zoekwoorden,zoekwoorden analyse
NL,nl,backlinks,backlinks seo
NL,nl,backlinks,backlinks kopen
NL,nl,SEO tools,seo tools gratis
NL,nl,seo analyse,seo analyse website
NL,nl,optimalisatie,optimalisatie seo
TH,th,SEO,seo คือ
TH,th,SEO,seo ย่อมาจาก
TH,th,คีย์เวิร์ด,คีย์เวิร์ด คือ
TH,th,แบ็คลิงค์,แบ็คลิงค์ คือ
TH,th,เครื่องมือ seo,เครื่องมือ seo คือ
TH,th,เครื่องมือ seo,เครื่องมือ seo ฟรี
